Workbook

Sheet palackok_live
A1: Időbélyeg | B1: Név | C1: Osztály | D1: Darabszám | E1: E-mail-cím
A16: 46288.567 | B16: Heizer Marcell | C16: 13.C | D16: 1
A17: 46288.577 | B17: Heizer Marcell | C17: 13.C | D17: 2
A18: 46289.508 | B18: Gipsz Jakab | C18: 10.C | D18: 10
A19: 46290.384 | B19: Heizer Marcell | C19: 13.C | D19: 1 | E19: 22c-heizer@ipari.vein.hu

Sheet Eredmények
A1: Osztály | B1: Létszám | C1: Palack | D1: Palack / Fő | E1: Hely (király) | F1: Hely (hős)
A2: 13.A | B2: 26 | C2: =SUMIF(palackok_live!C:C,A2,palackok_live!D:D) -> 0 | D2: =IF(B2=0,0,ROUND(C2/B2,2)) -> 0 | E2: =RANK(C2,$C$2:$C$100) -> 3 | F2: =RANK(D2,$D$2:$D$100) -> 3
A3: 13.B | B3: 22 | C3: =SUMIF(palackok_live!C:C,A3,palackok_live!D:D) -> 0 | D3: =IF(B3=0,0,ROUND(C3/B3,2)) -> 0 | E3: =RANK(C3,$C$2:$C$100) -> 3 | F3: =RANK(D3,$D$2:$D$100) -> 3
A4: 13.C | B4: 30 | C4: =SUMIF(palackok_live!C:C,A4,palackok_live!D:D) -> 4 | D4: =IF(B4=0,0,ROUND(C4/B4,2)) -> 0.13 | E4: =RANK(C4,$C$2:$C$100) -> 2 | F4: =RANK(D4,$D$2:$D$100) -> 2
A5: 13.D | B5: 30 | C5: =SUMIF(palackok_live!C:C,A5,palackok_live!D:D) -> 0 | D5: =IF(B5=0,0,ROUND(C5/B5,2)) -> 0 | E5: =RANK(C5,$C$2:$C$100) -> 3 | F5: =RANK(D5,$D$2:$D$100) -> 3
A6: 13.E | B6: 29 | C6: =SUMIF(palackok_live!C:C,A6,palackok_live!D:D) -> 0 | D6: =IF(B6=0,0,ROUND(C6/B6,2)) -> 0 | E6: =RANK(C6,$C$2:$C$100) -> 3 | F6: =RANK(D6,$D$2:$D$100) -> 3
A7: 13.G | B7: 29 | C7: =SUMIF(palackok_live!C:C,A7,palackok_live!D:D) -> 0 | D7: =IF(B7=0,0,ROUND(C7/B7,2)) -> 0 | E7: =RANK(C7,$C$2:$C$100) -> 3 | F7: =RANK(D7,$D$2:$D$100) -> 3
A8: 12.A | B8: 23 | C8: =SUMIF(palackok_live!C:C,A8,palackok_live!D:D) -> 0 | D8: =IF(B8=0,0,ROUND(C8/B8,2)) -> 0 | E8: =RANK(C8,$C$2:$C$100) -> 3 | F8: =RANK(D8,$D$2:$D$100) -> 3
A9: 12.B | B9: 26 | C9: =SUMIF(palackok_live!C:C,A9,palackok_live!D:D) -> 0 | D9: =IF(B9=0,0,ROUND(C9/B9,2)) -> 0 | E9: =RANK(C9,$C$2:$C$100) -> 3 | F9: =RANK(D9,$D$2:$D$100) -> 3
A10: 12.C | B10: 26 | C10: =SUMIF(palackok_live!C:C,A10,palackok_live!D:D) -> 0 | D10: =IF(B10=0,0,ROUND(C10/B10,2)) -> 0 | E10: =RANK(C10,$C$2:$C$100) -> 3 | F10: =RANK(D10,$D$2:$D$100) -> 3
A11: 12.D | B11: 30 | C11: =SUMIF(palackok_live!C:C,A11,palackok_live!D:D) -> 0 | D11: =IF(B11=0,0,ROUND(C11/B11,2)) -> 0 | E11: =RANK(C11,$C$2:$C$100) -> 3 | F11: =RANK(D11,$D$2:$D$100) -> 3
A12: 12.E | B12: 30 | C12: =SUMIF(palackok_live!C:C,A12,palackok_live!D:D) -> 0 | D12: =IF(B12=0,0,ROUND(C12/B12,2)) -> 0 | E12: =RANK(C12,$C$2:$C$100) -> 3 | F12: =RANK(D12,$D$2:$D$100) -> 3
A13: 12.G | B13: 24 | C13: =SUMIF(palackok_live!C:C,A13,palackok_live!D:D) -> 0 | D13: =IF(B13=0,0,ROUND(C13/B13,2)) -> 0 | E13: =RANK(C13,$C$2:$C$100) -> 3 | F13: =RANK(D13,$D$2:$D$100) -> 3
... A31: 9.G | B31: 30 | C31: =SUMIF(palackok_live!C:C,A31,palackok_live!D:D) -> 0 | D31: =IF(B31=0,0,ROUND(C31/B31,2)) -> 0 | E31: =RANK(C31,$C$2:$C$100) -> 3 | F31: =RANK(D31,$D$2:$D$100) -> 3

Sheet tenyleges_visszavaltas
A1: Időbélyeg | B1: Mekkora értékben váltott vissza? (Ft)

Sheet Munkalap2
